run1,Algorand M=10000,0,36.5748
run1,Algorand M=10000,1,60.9112
run1,Algorand M=10000,2,63.3234
run1,Algorand M=10000,3,31.6036
run1,Algorand M=10000,4,32.1270
run1,Algorand M=10000,5,63.4111
run1,Algorand M=10000,6,58.1963
run1,Algorand M=10000,7,43.4382
run1,Algorand M=10000,8,59.2399
run1,Algorand M=10000,9,64.8512
run1,Algorand M=10000,10,38.8587
run1,Algorand M=10000,11,49.4272
run1,Algorand M=10000,12,38.9991
run1,Algorand M=10000,13,61.1086
run1,Algorand M=10000,14,43.9927
run1,Algorand M=10000,15,61.5577
run1,Algorand M=10000,16,59.8129
run1,Algorand M=10000,17,63.2836
run1,Algorand M=10000,18,64.0051
run1,Algorand M=10000,19,61.6681
run1,Algorand M=10000,20,62.9308
run1,Algorand M=10000,21,32.8893
run1,Algorand M=10000,22,34.1338
run1,Algorand M=10000,23,34.1518
run1,Algorand M=10000,24,61.2419
run1,Algorand M=10000,25,33.8498
run1,Algorand M=10000,26,33.8162
run1,Algorand M=10000,27,62.2366
run1,Algorand M=10000,28,62.0890
run1,Algorand M=10000,29,33.5620
run1,Quadrato N=57200000,0,61.0359
run1,Quadrato N=57200000,1,33.7153
run1,Quadrato N=57200000,2,34.0720
run1,Quadrato N=57200000,3,58.9714
run1,Quadrato N=57200000,4,39.5628
run1,Quadrato N=57200000,5,61.6391
run1,Quadrato N=57200000,6,54.5092
run1,Quadrato N=57200000,7,41.7062
run1,Quadrato N=57200000,8,62.3321
run1,Quadrato N=57200000,9,32.0670
run1,Quadrato N=57200000,10,62.3789
run1,Quadrato N=57200000,11,31.1312
run1,Quadrato N=57200000,12,61.7472
run1,Quadrato N=57200000,13,30.9119
run1,Quadrato N=57200000,14,59.0309
run1,Quadrato N=57200000,15,61.0240
run1,Quadrato N=57200000,16,56.8461
run1,Quadrato N=57200000,17,53.5897
run1,Quadrato N=57200000,18,58.1017
run1,Quadrato N=57200000,19,37.9465
run1,Quadrato N=57200000,20,60.8920
run1,Quadrato N=57200000,21,61.9656
run1,Quadrato N=57200000,22,57.2314
run1,Quadrato N=57200000,23,63.2016
run1,Quadrato N=57200000,24,35.3495
run1,Quadrato N=57200000,25,62.0869
run1,Quadrato N=57200000,26,61.5982
run1,Quadrato N=57200000,27,59.4452
run1,Quadrato N=57200000,28,39.0717
run1,Quadrato N=57200000,29,62.5177
